opportunity_id,fund_code,opportunity_name,stage_name,stage_type,expected_amount,close_date,company_name,company_domain,company_country_code,industry_name,responsible,source_system,created_at,updated_at
f3b24c72-0e53-4b43-9100-e445efaa2356,FND-I-2019,Acme Health Series B,Closed Lost,Closed,36486.65,2022-06-09,Acme Health,acmehealth.com,SE,Energy,Alice,HubSpot,2019-07-04 13:04:12,2025-06-20 09:37:51
eec7fe44-49b1-4eaf-be7a-6dc834bf4d0e,FND-I-2019,Acme Soft Series D,Closed Lost,Closed,49373.47,2022-09-04,Acme Soft,acmesoft.com,FR,Industrial,Fatima,HubSpot,2023-06-19 07:00:03,2024-02-02 08:17:51
7fbb7948-96eb-4055-a2df-a8feac47cc86,FND-I-2019,Acme Robotics Series A,Prospecting,Top,76707.81,2025-04-28,Acme Robotics,acmerobotics.com,ES,Industrial,Dan,HubSpot,2024-06-06 13:28:40,2021-04-22 09:43:13
fb74b6b5-448e-43f3-afff-92e9d50cbb89,FND-I-2019,Acme Mobile Series F,Closed Lost,Closed,42691.93,2024-02-20,Acme Mobile,acmemobile.com,GB,Consumer,Bob,HubSpot,2022-07-09 23:18:06,2024-09-08 11:48:24
c436d246-84d3-4e3e-804a-7a80c00878d9,FND-I-2019,Acme Soft Series C,Qualified,Mid,36558.45,2025-01-26,Acme Soft,acmesoft.com,ES,Industrial,Alice,HubSpot,2020-10-23 11:27:25,2020-11-16 14:24:16
72275382-ae05-424d-af08-ef2e8dfc91d8,FND-I-2019,Acme Data Series B,Term Sheet,Late,69300.84,2020-05-05,Acme Data,acmedata.com,CH,Industrial,Fatima,HubSpot,2023-07-19 14:32:30,2021-04-05 18:33:04
36ab2066-5e6e-4d6e-b6da-52904ebffc14,FND-I-2019,Acme Cloud Series A,Prospecting,Top,69354.06,2025-01-28,Acme Cloud,acmecloud.com,GB,Healthcare,Fatima,HubSpot,2022-10-03 14:00:32,2022-10-15 19:15:52
6d0955a9-97be-44e0-923b-1523b6937220,FND-I-2019,Acme Robotics Series F,Closed Won,Closed,44171.46,2025-01-22,Acme Robotics,acmerobotics.com,FR,Industrial,Fatima,HubSpot,2021-02-10 15:49:45,2020-08-01 09:35:22
67fe61e1-b356-48d2-8a59-fb3acb5a70f5,FND-I-2019,Acme Bio Series F,Qualified,Mid,45133.36,2023-02-28,Acme Bio,acmebio.com,DE,Consumer,Bob,HubSpot,2021-03-18 19:18:34,2019-10-11 17:47:22
34cf3a3c-5774-4aed-a77a-5fb5fc04c703,FND-I-2019,Acme Soft Series A,Prospecting,Top,68818.64,2021-05-08,Acme Soft,acmesoft.com,SE,Fintech,Alice,HubSpot,2024-08-27 02:31:11,2025-09-25 04:34:43
2b952fda-25c3-4891-b3d9-aaa8d79493db,FND-I-2019,Acme Health Series C,Closed Lost,Closed,25113.21,2022-09-06,Acme Health,acmehealth.com,CH,Logistics,Bob,HubSpot,2023-12-23 07:19:25,2024-05-13 23:39:40
c7bb235c-3bfc-4f70-a9f2-6e671d8a7116,FND-I-2019,Acme Logix Series B,Term Sheet,Late,25732.8,2023-08-04,Acme Logix,acmelogix.com,SE,Fintech,Carol,HubSpot,2019-10-18 08:22:41,2023-04-01 02:35:05
49a49903-1850-4184-b6b7-45e43953c585,FND-I-2019,Acme Mobile Series A,Closed Lost,Closed,38907.16,2019-04-03,Acme Mobile,acmemobile.com,NL,Fintech,Eve,HubSpot,2020-05-22 17:40:24,2020-09-05 20:47:27
99e78ac2-72bc-48e5-9554-787cf29aa27c,FND-I-2019,Acme Pay Series D,Term Sheet,Late,52676.87,2020-08-26,Acme Pay,acmepay.com,SE,Fintech,Alice,HubSpot,2024-07-12 15:25:19,2022-08-28 01:58:20
7729c928-ff9d-48a4-b8ba-71dc1a4c6816,FND-I-2019,Acme Data Series D,Closed Lost,Closed,72153.03,2024-02-02,Acme Data,acmedata.com,NL,Fintech,Bob,HubSpot,2020-04-18 16:20:00,2020-07-06 10:08:29
70fbb464-a1f9-4b66-97e3-1a9e933453ee,FND-I-2019,Acme Cloud Series E,Qualified,Mid,145105.12,2025-02-15,Acme Cloud,acmecloud.com,FR,Software,Fatima,HubSpot,2023-01-03 08:36:22,2020-07-16 17:31:32
42718af5-13f6-4bb7-add4-a97fe93dcf54,FND-I-2019,Acme Foods Series A,Term Sheet,Late,100167.17,2019-03-13,Acme Foods,acmefoods.com,ES,Industrial,Dan,HubSpot,2021-07-23 20:14:05,2024-12-16 05:38:09
fad1c409-27ff-4b3d-b8a0-cb2cdc935e9c,FND-I-2019,Acme Foods Series F,Diligence,Late,54395.51,2020-01-19,Acme Foods,acmefoods.com,CH,Software,Fatima,HubSpot,2021-01-02 21:16:09,2022-09-28 19:20:15
36a9f5e7-14c0-4768-84d0-e7f1767c95fd,FND-I-2019,Acme Health Series B,Prospecting,Top,59194.88,2023-02-28,Acme Health,acmehealth.com,FR,Fintech,Fatima,HubSpot,2025-04-13 04:21:53,2023-04-19 21:38:44
416937fc-6dfe-4230-93d8-5b6712a0b026,FND-I-2019,Acme Soft Series E,Closed Won,Closed,32809.8,2019-07-22,Acme Soft,acmesoft.com,CH,Energy,Carol,HubSpot,2020-11-23 11:26:20,2020-05-13 04:45:54
14e6ae30-20fd-4f30-9e5d-1a8a058bb9ed,FND-I-2019,Acme Data Series A,Closed Lost,Closed,59212.75,2021-08-11,Acme Data,acmedata.com,US,Marketplace,Eve,HubSpot,2023-02-03 19:34:28,2020-09-09 04:49:21
93b893fb-c7fd-4724-b0e2-c00c709314ef,FND-I-2019,Acme Logix Series B,Prospecting,Top,50352.56,2020-06-10,Acme Logix,acmelogix.com,IT,Industrial,Eve,HubSpot,2025-11-17 00:17:05,2024-09-10 03:46:17
5970c636-5e13-47df-b4e1-71d2b99eee60,FND-I-2019,Acme Health Series E,Diligence,Late,72666.16,2019-02-24,Acme Health,acmehealth.com,GB,Industrial,Carol,HubSpot,2023-04-23 12:29:02,2020-11-21 09:36:40
187db670-4de4-4b58-9b55-0ac6376c1be1,FND-I-2019,Acme Bio Series F,Term Sheet,Late,36448.71,2021-01-03,Acme Bio,acmebio.com,ES,Industrial,Alice,HubSpot,2019-06-25 04:45:46,2024-05-06 16:05:12
b570fa4e-e867-42ef-8ff3-ac2bc01af6fc,FND-I-2019,Acme Bio Series A,Closed Lost,Closed,81765.27,2022-09-01,Acme Bio,acmebio.com,FR,Healthcare,Eve,HubSpot,2019-06-19 20:07:00,2020-07-05 01:31:22
21743739-3d6a-4094-a323-5bcc402ee7e2,FND-I-2019,Acme Robotics Series B,Diligence,Late,150188.03,2025-01-12,Acme Robotics,acmerobotics.com,SE,Fintech,Carol,HubSpot,2025-09-28 14:47:44,2023-12-05 08:37:09
892d1dc4-769e-4ecd-b3d8-c0ebf0e82442,FND-I-2019,Acme Health Series F,Qualified,Mid,56091.74,2022-01-06,Acme Health,acmehealth.com,NL,Logistics,Fatima,HubSpot,2025-12-26 09:02:07,2021-03-26 03:56:08
db02317b-8f82-411b-964e-93c15a2823fb,FND-I-2019,Acme Mart Series B,Prospecting,Top,76193.16,2025-08-08,Acme Mart,acmemart.com,IT,Energy,Carol,HubSpot,2025-04-08 00:51:41,2024-04-13 11:57:05
19cf10eb-bfcd-4e88-989c-107df13cb6f3,FND-I-2019,Acme Robotics Series F,Prospecting,Top,90588.85,2025-05-12,Acme Robotics,acmerobotics.com,CH,Logistics,Fatima,HubSpot,2025-09-11 01:00:17,2019-05-06 21:08:19
e08cf32a-75ae-4309-a55c-dd717f0418ab,FND-I-2019,Acme Robotics Series C,Prospecting,Top,47064.19,2019-10-14,Acme Robotics,acmerobotics.com,NL,Logistics,Eve,HubSpot,2023-02-13 20:59:34,2020-05-02 15:52:34
800db033-566a-4248-b125-6f215892ddf2,FND-I-2019,Acme Soft Series F,Closed Won,Closed,68490.85,2025-09-22,Acme Soft,acmesoft.com,SE,Energy,Dan,HubSpot,2019-11-11 22:41:18,2021-11-28 04:32:14
e45046ba-c408-4383-ac3c-8c43ff4b8634,FND-I-2019,Acme Mobile Series D,Diligence,Late,60328.23,2023-05-22,Acme Mobile,acmemobile.com,NL,Logistics,Fatima,HubSpot,2021-09-05 06:59:04,2022-11-13 06:20:10
b0509f41-a841-4a55-b860-43fa17a38717,FND-I-2019,Acme Pay Series A,Closed Won,Closed,63487.97,2021-07-18,Acme Pay,acmepay.com,DE,Industrial,Bob,HubSpot,2022-10-20 23:50:13,2021-08-15 16:05:54
9a30c7b1-330e-4350-a0ca-1f6631917a46,FND-I-2019,Acme Data Series F,Qualified,Mid,37653.99,2023-08-26,Acme Data,acmedata.com,GB,Fintech,Carol,HubSpot,2023-11-21 22:32:47,2021-02-27 08:33:04
d76047da-7d10-4a8d-a9e9-9416941bd1b2,FND-I-2019,Acme Data Series A,Diligence,Late,60761.16,2020-04-05,Acme Data,acmedata.com,US,Consumer,Dan,HubSpot,2023-02-15 15:05:21,2024-10-07 13:58:48
acfc0f33-98c0-476a-9745-26e8f7cf5529,FND-I-2019,Acme Cloud Series F,Term Sheet,Late,80724.63,2020-03-21,Acme Cloud,acmecloud.com,US,Fintech,Dan,HubSpot,2020-03-26 18:51:29,2022-01-18 09:04:22
09337ac6-44b7-426d-9b77-b9d0c083d434,FND-I-2019,Acme Fin Series E,Term Sheet,Late,143012.34,2020-08-22,Acme Fin,acmefin.com,CH,Energy,Dan,HubSpot,2023-12-17 15:32:13,2025-09-15 05:47:41
61424968-6329-4b62-b3a6-ac67ac506320,FND-I-2019,Acme Mobile Series B,Term Sheet,Late,106464.03,2022-05-25,Acme Mobile,acmemobile.com,DE,Marketplace,Fatima,HubSpot,2020-05-15 02:49:15,2024-05-08 09:53:34
3c345ce9-ad10-40d3-80e6-4e01a829d4fa,FND-I-2019,Acme Logix Series B,Diligence,Late,217925.7,2023-02-05,Acme Logix,acmelogix.com,SE,Logistics,Fatima,HubSpot,2020-12-07 02:20:18,2022-07-11 19:45:21
90d673de-abca-4beb-b868-ce5a7da71a3a,FND-I-2019,Acme Cloud Series D,Term Sheet,Late,37782.13,2019-04-27,Acme Cloud,acmecloud.com,ES,Software,Eve,HubSpot,2022-08-01 12:48:25,2021-07-28 15:15:21
0794733c-a302-4c5f-b039-a27b5d1016c3,FND-I-2019,Acme Bio Series E,Closed Lost,Closed,101052.19,2024-09-26,Acme Bio,acmebio.com,SE,Marketplace,Bob,HubSpot,2021-07-16 01:03:24,2022-06-22 14:43:14
d679cf97-195b-4954-84a8-8b579cd1a93f,FND-I-2019,Acme Mobile Series E,Qualified,Mid,66836.54,2025-08-05,Acme Mobile,acmemobile.com,CH,Software,Dan,HubSpot,2023-10-22 00:59:12,2019-11-14 04:56:26
52c23021-91f3-45ae-84e5-3d0e9c1c80e2,FND-I-2019,Acme Cloud Series C,Qualified,Mid,222767.02,2019-05-13,Acme Cloud,acmecloud.com,SE,Marketplace,Carol,HubSpot,2021-07-09 15:20:55,2021-02-16 00:42:20
83916220-b615-4561-b047-c1ef9c37f18a,FND-I-2019,Acme Mobile Series F,Closed Won,Closed,36865.12,2019-06-08,Acme Mobile,acmemobile.com,FR,Software,Alice,HubSpot,2020-04-27 00:44:31,2023-03-08 04:35:44
a515eca1-12f2-4303-bc32-a0c50ae8e9de,FND-I-2019,Acme Cloud Series D,Closed Lost,Closed,36176.57,2019-10-07,Acme Cloud,acmecloud.com,DE,Energy,Bob,HubSpot,2023-10-24 04:10:12,2025-03-10 03:56:08
30b1f9a7-19bf-4d28-a61c-4b4ed04dd583,FND-I-2019,Acme Pay Series D,Prospecting,Top,41788.0,2021-10-22,Acme Pay,acmepay.com,ES,Consumer,Alice,HubSpot,2023-12-27 22:50:13,2020-02-23 10:58:49
425f1ccf-2c06-465e-9466-e05886026521,FND-I-2019,Acme Data Series E,Closed Won,Closed,16741.78,2025-02-26,Acme Data,acmedata.com,US,Energy,Eve,HubSpot,2022-11-12 02:30:38,2023-11-11 00:27:38
cb13481c-7638-44c1-b77c-1af00d1b9bb2,FND-I-2019,Acme Mart Series F,Term Sheet,Late,43675.69,2019-07-12,Acme Mart,acmemart.com,IT,Healthcare,Dan,HubSpot,2020-12-17 23:40:56,2021-10-26 19:35:39
077d2c3c-3703-44d0-8364-cb1bbf3bea92,FND-I-2019,Acme Cloud Series C,Term Sheet,Late,37968.81,2022-12-19,Acme Cloud,acmecloud.com,NL,Consumer,Alice,HubSpot,2021-08-08 16:55:10,2023-10-22 13:47:54
6a28c568-fd20-4e3e-bcbc-cc82cd68ff25,FND-I-2019,Acme Logix Series D,Prospecting,Top,65528.23,2022-06-06,Acme Logix,acmelogix.com,SE,Energy,Carol,HubSpot,2021-05-20 10:03:31,2023-01-17 06:57:22
cf01ecda-4e3e-4d88-b00d-6781ebecadea,FND-I-2019,Acme Fin Series E,Qualified,Mid,73500.95,2024-07-16,Acme Fin,acmefin.com,SE,Marketplace,Fatima,HubSpot,2024-08-15 00:37:40,2019-05-08 14:43:25
ad1c92bc-90a1-466c-a150-c6f8cb813749,FND-I-2019,Acme Mobile Series C,Qualified,Mid,184554.95,2021-11-19,Acme Mobile,acmemobile.com,IT,Energy,Dan,HubSpot,2024-09-11 12:48:32,2024-08-09 11:09:49
ae6f6513-8c9d-4bcb-ad14-5b38da871fe4,FND-I-2019,Acme Robotics Series C,Qualified,Mid,105900.4,2019-12-07,Acme Robotics,acmerobotics.com,FR,Healthcare,Bob,HubSpot,2020-12-16 10:04:01,2024-10-25 19:06:05
e8edf190-125d-441e-ae7b-a6fd316373c5,FND-I-2019,Acme Pay Series B,Diligence,Late,42355.68,2019-04-10,Acme Pay,acmepay.com,NL,Healthcare,Carol,HubSpot,2019-12-18 04:36:31,2021-01-02 20:08:49
36f408bc-e5d9-454e-a042-2a0783ad816d,FND-I-2019,Acme Robotics Series D,Closed Lost,Closed,34924.76,2020-11-28,Acme Robotics,acmerobotics.com,FR,Software,Eve,HubSpot,2021-08-16 16:02:13,2021-03-02 09:11:32
b46484f4-96f3-4b64-89dc-db43ff441b7e,FND-I-2019,Acme Cloud Series D,Prospecting,Top,80430.72,2025-02-13,Acme Cloud,acmecloud.com,FR,Software,Bob,HubSpot,2020-10-10 03:06:04,2020-02-18 15:09:08
b1ae41d8-8f32-4a64-94b1-821c4dd531db,FND-I-2019,Acme Pay Series E,Closed Won,Closed,27115.48,2025-10-08,Acme Pay,acmepay.com,ES,Marketplace,Dan,HubSpot,2021-10-14 11:07:06,2023-10-02 22:11:45
8798f389-cd11-4155-ab26-d2532c703203,FND-I-2019,Acme Mobile Series B,Prospecting,Top,179669.67,2025-04-21,Acme Mobile,acmemobile.com,DE,Fintech,Bob,HubSpot,2020-03-18 02:43:58,2020-01-14 16:24:08
c2233f06-028e-4ea8-8679-5bc930a87459,FND-I-2019,Acme Mobile Series B,Closed Won,Closed,121499.34,2022-05-02,Acme Mobile,acmemobile.com,DE,Industrial,Fatima,HubSpot,2025-08-03 08:29:55,2021-11-19 07:12:08
5ab8100f-4d9e-4a79-8702-fdae0f711d4b,FND-I-2019,Acme Mart Series B,Prospecting,Top,45183.83,2023-04-21,Acme Mart,acmemart.com,DE,Healthcare,Alice,HubSpot,2019-03-26 11:11:59,2023-12-27 20:43:27
e5d7c6a9-4189-4294-8941-84aae235df4a,FND-I-2019,Acme Robotics Series C,Term Sheet,Late,21420.83,2019-08-23,Acme Robotics,acmerobotics.com,ES,Industrial,Eve,HubSpot,2023-08-15 02:55:43,2023-01-14 11:44:07
e5f9eda5-ac4f-4128-8805-4c83450415ce,FND-I-2019,Acme Pay Series F,Diligence,Late,134904.64,2019-02-08,Acme Pay,acmepay.com,US,Industrial,Eve,HubSpot,2019-03-16 18:53:41,2024-08-09 06:36:28
9263273c-44c4-4917-849e-614d802fe474,FND-I-2019,Acme Pay Series D,Term Sheet,Late,55897.56,2024-08-03,Acme Pay,acmepay.com,NL,Logistics,Carol,HubSpot,2021-11-04 05:51:19,2021-07-23 18:02:22
36595464-251e-412f-b8e2-cc651e64f208,FND-I-2019,Acme Robotics Series D,Closed Lost,Closed,125830.34,2022-09-02,Acme Robotics,acmerobotics.com,FR,Energy,Carol,HubSpot,2021-02-25 14:42:56,2025-09-27 00:02:30
7c5b47b6-b321-4251-b4b9-402bdd5ee225,FND-I-2019,Acme Data Series B,Closed Won,Closed,23002.16,2022-07-02,Acme Data,acmedata.com,CH,Energy,Eve,HubSpot,2025-08-21 16:05:39,2025-01-07 09:43:23
f871da30-33ea-40b2-91ce-dbe3c8982415,FND-I-2019,Acme Bio Series D,Qualified,Mid,41788.44,2021-08-23,Acme Bio,acmebio.com,FR,Software,Fatima,HubSpot,2023-04-23 05:45:58,2021-09-01 20:06:24
db79d018-401c-46c4-ab87-1b2c39a72312,FND-I-2019,Acme Mart Series A,Prospecting,Top,60062.82,2020-02-15,Acme Mart,acmemart.com,GB,Marketplace,Fatima,HubSpot,2021-09-23 09:57:18,2022-08-16 08:52:26
afc51285-f730-40b1-9768-d1f6eabe76b9,FND-I-2019,Acme Cloud Series E,Closed Won,Closed,61585.91,2020-07-07,Acme Cloud,acmecloud.com,CH,Healthcare,Alice,HubSpot,2021-07-11 18:29:10,2021-01-10 10:52:12
7c1daa87-9d46-4694-b9b2-003607c65baf,FND-I-2019,Acme Pay Series B,Closed Won,Closed,45704.9,2024-08-28,Acme Pay,acmepay.com,IT,Marketplace,Carol,HubSpot,2021-09-25 19:47:08,2022-08-11 06:52:07
36834670-c792-4e34-ad6f-16045fb0f016,FND-I-2019,Acme Mobile Series D,Qualified,Mid,87004.05,2023-07-08,Acme Mobile,acmemobile.com,US,Energy,Fatima,HubSpot,2022-12-26 13:52:48,2022-11-26 23:44:21
92ad4921-cdcd-41c6-afcb-ccc0eb95ff67,FND-I-2019,Acme Health Series E,Term Sheet,Late,31553.12,2019-03-17,Acme Health,acmehealth.com,NL,Fintech,Dan,HubSpot,2019-09-15 00:33:31,2024-03-14 23:50:23
4545218d-e7e5-4072-9398-a9a24e618868,FND-I-2019,Acme Health Series E,Prospecting,Top,54971.62,2022-05-11,Acme Health,acmehealth.com,ES,Fintech,Carol,HubSpot,2025-11-28 19:25:42,2022-06-21 17:45:56
d78e74f5-571d-485d-b327-8028b39b095d,FND-I-2019,Acme Bio Series F,Prospecting,Top,64355.48,2023-02-08,Acme Bio,acmebio.com,DE,Consumer,Fatima,HubSpot,2019-07-04 23:04:26,2024-02-15 06:03:25
6cd34acd-9dc5-4958-8a29-3e1a9206db29,FND-I-2019,Acme Mobile Series A,Diligence,Late,81524.86,2019-01-11,Acme Mobile,acmemobile.com,DE,Energy,Carol,HubSpot,2022-03-08 19:20:21,2022-10-22 06:33:20
020c1eb9-afb0-4804-a8e4-db23d4ee88f7,FND-I-2019,Acme Health Series D,Qualified,Mid,91763.41,2019-10-28,Acme Health,acmehealth.com,SE,Marketplace,Eve,HubSpot,2020-04-15 23:13:31,2021-08-09 00:20:31
972f45cd-45da-49b6-b1ad-f0e9da48219a,FND-I-2019,Acme Cloud Series A,Diligence,Late,30491.85,2024-09-06,Acme Cloud,acmecloud.com,IT,Energy,Eve,HubSpot,2021-11-14 09:06:20,2022-05-07 14:00:22
09940f8f-990d-4dbd-8032-8d0c74c48bc1,FND-I-2019,Acme Cloud Series C,Prospecting,Top,23849.81,2020-07-19,Acme Cloud,acmecloud.com,DE,Industrial,Alice,HubSpot,2025-11-13 09:59:36,2019-10-28 01:47:08
cdf31387-04c2-4900-9611-efc4b6e224d6,FND-I-2019,Acme Pay Series B,Closed Lost,Closed,128876.01,2022-05-25,Acme Pay,acmepay.com,NL,Consumer,Fatima,HubSpot,2020-10-09 04:58:47,2024-02-21 23:31:57
0243483e-e3c2-4c34-b92f-8a40d66f0aa5,FND-I-2019,Acme Soft Series E,Diligence,Late,73085.73,2025-08-02,Acme Soft,acmesoft.com,NL,Healthcare,Alice,HubSpot,2021-06-24 15:07:40,2020-04-05 19:38:21
32d2f388-fdb9-4540-9d88-31570af4777d,FND-I-2019,Acme Logix Series B,Closed Won,Closed,38212.12,2023-05-27,Acme Logix,acmelogix.com,DE,Marketplace,Carol,HubSpot,2024-06-26 04:11:35,2022-02-05 08:12:51
62009443-2e3c-4b3e-a6e5-1f8ff52c6db8,FND-II-2021,Acme Data Series E,Closed Lost,Closed,151856.49,2024-07-28,Acme Data,acmedata.com,NL,Fintech,Dan,HubSpot,2019-05-18 04:29:59,2022-06-22 09:32:42
eb408dfa-bc19-4df9-abd9-7258a4742dcb,FND-II-2021,Acme Pay Series A,Term Sheet,Late,64177.3,2025-11-12,Acme Pay,acmepay.com,SE,Marketplace,Alice,HubSpot,2023-09-11 22:12:44,2020-11-03 23:08:03
2ff09764-54b4-4312-aaad-afa88bc80b0c,FND-II-2021,Acme Cloud Series A,Closed Lost,Closed,121488.92,2021-11-14,Acme Cloud,acmecloud.com,GB,Software,Alice,HubSpot,2021-08-04 03:32:19,2020-09-05 14:09:00
8d0d5a5c-6509-43c4-b871-5f7f1fa6802e,FND-II-2021,Acme Cloud Series E,Diligence,Late,62349.51,2024-12-23,Acme Cloud,acmecloud.com,ES,Healthcare,Dan,HubSpot,2024-02-27 17:48:59,2023-07-09 01:11:28
e0e1e067-d681-4328-a72b-1a1bdb82bd3f,FND-II-2021,Acme Mobile Series B,Diligence,Late,206168.43,2020-08-15,Acme Mobile,acmemobile.com,NL,Fintech,Fatima,HubSpot,2021-09-21 13:03:32,2019-07-09 06:54:38
3ed427d2-5887-47a5-ab88-c2329247991c,FND-II-2021,Acme Fin Series F,Term Sheet,Late,171648.58,2019-11-07,Acme Fin,acmefin.com,US,Software,Carol,HubSpot,2020-03-26 20:33:20,2020-02-27 20:10:41
13bfa229-9f70-436a-89b0-2682926cf180,FND-II-2021,Acme Foods Series B,Closed Won,Closed,51566.19,2020-04-11,Acme Foods,acmefoods.com,US,Industrial,Bob,HubSpot,2020-09-09 06:21:11,2019-11-28 00:56:19
5107197f-35f5-469a-8038-9be631a5e172,FND-II-2021,Acme Health Series C,Prospecting,Top,107252.65,2021-04-19,Acme Health,acmehealth.com,US,Healthcare,Carol,HubSpot,2019-03-24 15:19:36,2023-02-24 02:18:50
ba3b1588-c29a-4283-bb39-acefbbb32cf0,FND-II-2021,Acme Cloud Series E,Term Sheet,Late,88187.95,2025-06-17,Acme Cloud,acmecloud.com,FR,Marketplace,Eve,HubSpot,2020-10-02 23:59:23,2023-05-15 23:25:23
29e7101c-b4fe-4feb-a24d-966e29799f8b,FND-II-2021,Acme Soft Series F,Prospecting,Top,136104.59,2022-07-14,Acme Soft,acmesoft.com,FR,Marketplace,Fatima,HubSpot,2022-02-03 11:43:39,2023-03-03 04:35:40
cbe9e8d2-fe46-4cb4-8641-8c75312f0da1,FND-II-2021,Acme Robotics Series F,Closed Won,Closed,33558.52,2024-10-18,Acme Robotics,acmerobotics.com,NL,Logistics,Eve,HubSpot,2023-05-15 18:24:23,2023-07-04 04:09:56
9fd23084-5f70-4f8e-916b-02be65e30dde,FND-II-2021,Acme Data Series B,Closed Lost,Closed,90366.68,2025-09-24,Acme Data,acmedata.com,ES,Marketplace,Bob,HubSpot,2022-06-27 16:30:41,2022-07-24 03:27:43
9ffcfdff-ddcc-4cdb-b271-8ee1db055cd4,FND-II-2021,Acme Logix Series C,Term Sheet,Late,112990.01,2021-11-09,Acme Logix,acmelogix.com,GB,Marketplace,Alice,HubSpot,2019-02-03 15:43:26,2019-12-24 13:34:03
a4a0ac65-8db0-4f42-9395-f86f7436dbc7,FND-II-2021,Acme Health Series E,Closed Won,Closed,20842.64,2019-10-18,Acme Health,acmehealth.com,NL,Fintech,Dan,HubSpot,2021-11-25 15:23:55,2025-12-02 10:28:20
b59826fe-d252-45b9-a4c6-ef7584957867,FND-II-2021,Acme Pay Series E,Diligence,Late,29438.1,2021-02-19,Acme Pay,acmepay.com,SE,Healthcare,Fatima,HubSpot,2022-04-28 03:56:24,2021-09-12 04:10:58
6d1afb58-8949-4f63-99db-aa243fcad6b1,FND-II-2021,Acme Robotics Series E,Closed Won,Closed,17614.2,2020-07-28,Acme Robotics,acmerobotics.com,CH,Software,Eve,HubSpot,2024-12-09 01:03:14,2020-05-23 11:14:59
e2bc481a-58da-4662-88b3-cf7414e6ce4e,FND-II-2021,Acme Logix Series B,Diligence,Late,50937.56,2019-03-28,Acme Logix,acmelogix.com,ES,Fintech,Bob,HubSpot,2024-11-01 03:20:26,2024-09-07 13:41:48
c703394f-e43f-436d-945e-2f0390649710,FND-II-2021,Acme Mart Series C,Term Sheet,Late,92090.34,2021-03-12,Acme Mart,acmemart.com,NL,Fintech,Alice,HubSpot,2020-03-25 22:29:41,2019-11-03 09:54:25
c5fd955a-bcf3-40bb-bf4c-355b0d7397f2,FND-II-2021,Acme Cloud Series D,Closed Lost,Closed,147475.04,2022-08-20,Acme Cloud,acmecloud.com,ES,Industrial,Bob,HubSpot,2025-09-04 12:34:02,2022-02-10 21:35:43
9e3567d2-a52b-4e83-8442-6951b7d7fa09,FND-II-2021,Acme Cloud Series B,Closed Won,Closed,62596.01,2024-05-02,Acme Cloud,acmecloud.com,ES,Software,Alice,HubSpot,2020-05-07 04:59:47,2025-05-10 11:56:47
fc9e3186-1117-41b9-a4a6-edf9445a23d8,FND-II-2021,Acme Fin Series B,Prospecting,Top,159081.09,2022-12-14,Acme Fin,acmefin.com,GB,Logistics,Eve,HubSpot,2024-04-17 20:20:33,2025-11-26 12:53:41
2173a95b-2377-43f5-9137-4db3ffd70aa8,FND-II-2021,Acme Fin Series D,Term Sheet,Late,26158.75,2025-12-02,Acme Fin,acmefin.com,US,Marketplace,Alice,HubSpot,2025-06-19 15:37:47,2023-07-23 23:18:24
35a278ee-9c94-4425-8d2d-09026c544fb0,FND-II-2021,Acme Mart Series C,Diligence,Late,21546.54,2019-07-01,Acme Mart,acmemart.com,GB,Marketplace,Fatima,HubSpot,2021-02-14 03:51:15,2020-07-19 14:34:47
00eec827-902a-4e28-a893-0b747ac6bca6,FND-II-2021,Acme Bio Series C,Prospecting,Top,57911.51,2022-05-24,Acme Bio,acmebio.com,SE,Energy,Bob,HubSpot,2019-09-21 04:09:05,2023-09-07 12:43:13
58560f71-0f9d-483b-8a06-10fb1a262955,FND-II-2021,Acme Logix Series B,Closed Lost,Closed,75390.7,2025-11-27,Acme Logix,acmelogix.com,SE,Fintech,Bob,HubSpot,2021-04-06 21:55:57,2020-11-03 06:26:58
8e453d48-9d96-42c4-a9b9-c2d94909d8c7,FND-II-2021,Acme Data Series E,Term Sheet,Late,58711.05,2022-10-25,Acme Data,acmedata.com,IT,Energy,Fatima,HubSpot,2021-03-15 02:29:10,2022-08-21 11:01:31
9468ba57-3a30-40f7-a91b-f343a5568493,FND-II-2021,Acme Robotics Series A,Closed Won,Closed,17318.57,2019-06-17,Acme Robotics,acmerobotics.com,DE,Marketplace,Dan,HubSpot,2019-01-12 10:27:07,2019-11-28 03:17:15
9ecbfa21-2b05-4dea-a2cf-99f175113a86,FND-II-2021,Acme Pay Series E,Closed Won,Closed,56756.64,2023-07-15,Acme Pay,acmepay.com,CH,Software,Dan,HubSpot,2025-10-21 06:51:12,2021-10-16 18:15:15
e654c5b5-9a90-453d-bcb0-d62aebdd44b7,FND-II-2021,Acme Health Series C,Prospecting,Top,27373.16,2022-02-26,Acme Health,acmehealth.com,FR,Healthcare,Alice,HubSpot,2020-12-15 15:59:55,2023-09-20 05:46:47
a7af55ec-5d57-4e49-8e59-17f137b51ea7,FND-II-2021,Acme Logix Series C,Diligence,Late,89482.96,2021-07-14,Acme Logix,acmelogix.com,US,Energy,Alice,HubSpot,2021-02-18 14:04:27,2021-05-24 23:54:17
97d9dc44-6fd3-47e9-9d1c-86cea3ee66bd,FND-II-2021,Acme Pay Series F,Qualified,Mid,74604.71,2021-02-19,Acme Pay,acmepay.com,GB,Energy,Carol,HubSpot,2024-12-22 14:16:14,2020-10-23 03:05:04
d90c0d42-27ae-4a29-9cdd-0b141a09be85,FND-II-2021,Acme Robotics Series C,Closed Won,Closed,34066.58,2022-11-26,Acme Robotics,acmerobotics.com,GB,Fintech,Fatima,HubSpot,2024-07-17 13:10:25,2019-06-10 06:33:47
43ae91cf-0ac9-4666-aaef-174b6c80b8e5,FND-II-2021,Acme Foods Series B,Diligence,Late,43988.34,2025-08-07,Acme Foods,acmefoods.com,GB,Healthcare,Alice,HubSpot,2021-02-17 19:39:08,2025-12-17 01:22:27
dd70cdca-0b31-4ffc-afcc-7a84449c5a13,FND-II-2021,Acme Data Series E,Diligence,Late,31712.68,2025-10-05,Acme Data,acmedata.com,ES,Healthcare,Bob,HubSpot,2020-12-25 22:44:45,2025-03-24 15:56:06
7727142e-0404-469e-a4ed-30dec5ba9da0,FND-II-2021,Acme Soft Series B,Term Sheet,Late,57664.24,2021-11-24,Acme Soft,acmesoft.com,IT,Industrial,Fatima,HubSpot,2025-08-08 19:26:33,2020-05-26 17:04:34
ff74ea5f-13bd-4c83-a9f2-859ea122ed45,FND-II-2021,Acme Foods Series D,Diligence,Late,106200.64,2024-10-15,Acme Foods,acmefoods.com,DE,Logistics,Eve,HubSpot,2023-07-06 07:16:14,2025-10-05 09:06:08
71a80e34-d8f8-4751-9d93-1c927099d2f3,FND-II-2021,Acme Soft Series A,Closed Lost,Closed,33142.26,2022-06-18,Acme Soft,acmesoft.com,CH,Fintech,Carol,HubSpot,2019-03-09 16:21:33,2023-03-27 15:55:40
cd94819c-f090-485e-87a6-a1dc9279e5be,FND-II-2021,Acme Fin Series A,Qualified,Mid,81018.1,2025-08-12,Acme Fin,acmefin.com,ES,Software,Dan,HubSpot,2023-06-08 14:03:35,2019-06-08 01:01:34
87c0aeee-bbdc-4693-86ed-8fb84f1e336b,FND-II-2021,Acme Logix Series C,Prospecting,Top,43557.86,2025-12-21,Acme Logix,acmelogix.com,GB,Healthcare,Alice,HubSpot,2021-08-23 05:03:11,2025-12-16 16:19:59
8b6c0744-6728-497e-b717-7d7c9a150659,FND-II-2021,Acme Pay Series B,Prospecting,Top,37207.9,2019-01-09,Acme Pay,acmepay.com,GB,Logistics,Alice,HubSpot,2025-05-08 10:57:52,2019-01-08 15:17:07
6d6893a9-27e0-414f-811b-4cdb9b36fab5,FND-II-2021,Acme Data Series D,Closed Won,Closed,56149.99,2022-02-04,Acme Data,acmedata.com,CH,Software,Fatima,HubSpot,2023-10-08 05:13:38,2021-07-01 22:23:04
28c97a9b-871b-4d74-8286-763c9316c971,FND-II-2021,Acme Logix Series F,Qualified,Mid,32172.09,2023-07-06,Acme Logix,acmelogix.com,FR,Energy,Alice,HubSpot,2023-09-17 18:28:55,2023-01-13 17:07:01
4ad50be3-18ee-46de-a0f2-dd923d93a40f,FND-II-2021,Acme Soft Series F,Closed Lost,Closed,42950.79,2022-06-09,Acme Soft,acmesoft.com,US,Energy,Alice,HubSpot,2021-04-24 23:55:27,2024-02-25 21:11:11
7a5cde36-36fb-42ae-aae7-b81a1d84cea8,FND-II-2021,Acme Mobile Series E,Diligence,Late,29181.01,2020-01-12,Acme Mobile,acmemobile.com,NL,Healthcare,Fatima,HubSpot,2022-12-16 23:00:02,2020-03-03 16:39:48
76800944-8fc6-4c72-8940-527244a47d94,FND-II-2021,Acme Soft Series B,Diligence,Late,194626.01,2020-01-26,Acme Soft,acmesoft.com,US,Energy,Carol,HubSpot,2023-07-27 19:46:16,2022-05-02 23:33:10
a5bd5b51-8e16-448a-a944-3be85bdf9170,FND-II-2021,Acme Foods Series F,Diligence,Late,61154.46,2021-01-28,Acme Foods,acmefoods.com,NL,Industrial,Alice,HubSpot,2025-06-14 14:33:51,2024-08-13 12:20:38
c2ad129d-f6e1-48a2-a543-c3a8c2b4187a,FND-II-2021,Acme Health Series E,Term Sheet,Late,39346.59,2024-08-12,Acme Health,acmehealth.com,DE,Fintech,Fatima,HubSpot,2022-02-14 21:56:04,2025-03-18 10:41:44
f2fe4b38-8902-4420-8d7d-e13ab58d472e,FND-II-2021,Acme Logix Series C,Prospecting,Top,68076.54,2019-06-22,Acme Logix,acmelogix.com,DE,Marketplace,Eve,HubSpot,2024-07-06 16:09:43,2021-08-02 12:50:10
596a7a0c-b13d-4ba4-a370-b44ec1d1153c,FND-II-2021,Acme Pay Series A,Term Sheet,Late,55971.79,2021-11-26,Acme Pay,acmepay.com,FR,Logistics,Carol,HubSpot,2023-12-22 05:49:29,2019-03-28 22:07:15
c188b54e-eed6-45d9-ac3f-acbddda8d9d9,FND-II-2021,Acme Data Series B,Term Sheet,Late,52439.65,2019-03-03,Acme Data,acmedata.com,NL,Energy,Dan,HubSpot,2023-01-20 05:35:11,2024-08-12 13:32:40
ae040939-19fa-4762-b233-cfed7a101faa,FND-II-2021,Acme Cloud Series C,Prospecting,Top,86551.94,2023-03-17,Acme Cloud,acmecloud.com,ES,Energy,Fatima,HubSpot,2021-04-04 00:56:36,2024-03-16 18:51:01
0c11178a-ccd7-40bf-9d04-87008ac0d9a7,FND-II-2021,Acme Mart Series C,Closed Won,Closed,94325.29,2019-05-25,Acme Mart,acmemart.com,IT,Consumer,Eve,HubSpot,2021-12-16 07:17:17,2019-03-28 02:41:46
4a063818-9a8e-4810-931b-00467bee4407,FND-II-2021,Acme Cloud Series F,Qualified,Mid,43551.5,2024-08-03,Acme Cloud,acmecloud.com,NL,Energy,Fatima,HubSpot,2019-09-18 10:34:18,2021-03-23 23:13:04
068121e2-5090-431a-9260-604123b66650,FND-II-2021,Acme Health Series B,Diligence,Late,42383.27,2023-04-04,Acme Health,acmehealth.com,GB,Consumer,Dan,HubSpot,2019-06-18 20:50:09,2021-08-26 20:05:05
baf33c96-b22d-4a55-9ae5-56e0380097c4,FND-II-2021,Acme Health Series D,Closed Won,Closed,50765.33,2019-02-10,Acme Health,acmehealth.com,IT,Logistics,Dan,HubSpot,2025-10-03 04:33:46,2021-11-03 16:22:59
72e54400-af06-4e68-a3ed-ebcba41695db,FND-II-2021,Acme Cloud Series E,Closed Lost,Closed,15045.7,2023-06-05,Acme Cloud,acmecloud.com,GB,Healthcare,Dan,HubSpot,2023-01-27 04:31:14,2023-03-10 05:59:41
55dabee7-4102-4065-b5d2-9023b3740ff6,FND-II-2021,Acme Health Series E,Diligence,Late,24122.14,2024-04-12,Acme Health,acmehealth.com,DE,Fintech,Carol,HubSpot,2020-11-18 09:59:32,2020-11-10 22:22:14
e413f6ce-5985-4551-84a2-51738890d354,FND-II-2021,Acme Bio Series E,Prospecting,Top,135961.16,2023-11-06,Acme Bio,acmebio.com,GB,Healthcare,Fatima,HubSpot,2023-12-20 12:17:32,2025-10-02 01:01:58
e2bb3011-5583-4a14-84dd-8be9d3201817,FND-II-2021,Acme Fin Series F,Prospecting,Top,160649.56,2024-10-09,Acme Fin,acmefin.com,SE,Logistics,Eve,HubSpot,2024-01-16 22:50:03,2023-05-21 10:59:56
000c423c-140b-41a2-8b3f-2f41c6161faf,FND-II-2021,Acme Cloud Series C,Qualified,Mid,51563.97,2025-11-13,Acme Cloud,acmecloud.com,IT,Fintech,Fatima,HubSpot,2019-03-15 15:07:56,2022-08-07 12:23:09
988c859f-0ff5-4204-b70a-97a96ca18d2f,FND-II-2021,Acme Pay Series F,Qualified,Mid,84620.7,2021-12-11,Acme Pay,acmepay.com,NL,Logistics,Bob,HubSpot,2025-06-17 20:26:56,2019-06-08 16:59:01
7d5d538f-c433-496e-958b-cca1c4090e54,FND-II-2021,Acme Fin Series A,Diligence,Late,72167.86,2022-04-05,Acme Fin,acmefin.com,US,Industrial,Dan,HubSpot,2025-10-14 09:02:21,2025-03-27 11:55:17
2cd7bec4-3ba8-4a41-8ac3-7be87977dccd,FND-II-2021,Acme Pay Series B,Closed Lost,Closed,379772.81,2021-04-25,Acme Pay,acmepay.com,IT,Marketplace,Dan,HubSpot,2021-08-01 03:16:42,2022-09-15 08:45:52
a0c17a90-632c-418a-bd27-ece8eda083c1,FND-II-2021,Acme Foods Series C,Closed Won,Closed,117212.63,2021-01-02,Acme Foods,acmefoods.com,IT,Marketplace,Carol,HubSpot,2023-01-28 03:54:49,2022-03-09 13:19:03
885c6aeb-0db8-4238-baa7-2301fd099ff5,FND-II-2021,Acme Mart Series E,Diligence,Late,55450.69,2019-07-02,Acme Mart,acmemart.com,CH,Consumer,Carol,HubSpot,2023-05-03 14:03:59,2023-08-25 20:01:10
a53434b8-4786-4357-95b9-25de1d4e28ac,FND-II-2021,Acme Robotics Series B,Closed Won,Closed,33747.98,2024-10-04,Acme Robotics,acmerobotics.com,FR,Logistics,Carol,HubSpot,2025-06-18 13:18:40,2025-03-07 21:56:06
0a2f9cde-c900-42fc-b837-4b9f321c281d,FND-II-2021,Acme Bio Series A,Term Sheet,Late,22836.88,2023-01-02,Acme Bio,acmebio.com,GB,Energy,Dan,HubSpot,2023-08-05 22:04:23,2023-03-11 22:19:16
1c7cf104-65dd-4636-bf6b-6219fd77ba02,FND-II-2021,Acme Logix Series C,Qualified,Mid,67648.35,2022-10-24,Acme Logix,acmelogix.com,NL,Marketplace,Fatima,HubSpot,2023-05-16 00:36:20,2021-06-22 03:59:26
f3c1db7d-ebda-4421-904d-8280cd97d6a4,FND-II-2021,Acme Mart Series F,Closed Won,Closed,38032.24,2021-12-28,Acme Mart,acmemart.com,US,Marketplace,Carol,HubSpot,2024-10-19 08:17:04,2024-01-19 17:29:33
c0a740b1-930f-4af3-8699-ff3c8d677d16,FND-II-2021,Acme Health Series D,Closed Won,Closed,25505.46,2024-12-20,Acme Health,acmehealth.com,GB,Consumer,Alice,HubSpot,2023-12-04 06:56:46,2019-08-11 15:14:50
f95e2f4a-9493-48f6-803b-4c647ce04eb8,FND-II-2021,Acme Health Series E,Term Sheet,Late,40621.64,2024-04-14,Acme Health,acmehealth.com,IT,Software,Fatima,HubSpot,2020-09-07 20:25:16,2021-11-16 19:07:55
a9ff08bd-8ab7-4bcc-8033-5bb77720bf3d,FND-II-2021,Acme Mart Series C,Diligence,Late,31290.54,2020-08-18,Acme Mart,acmemart.com,CH,Energy,Fatima,HubSpot,2025-12-22 23:25:19,2025-12-09 22:12:43
1997c36e-b402-47d4-9811-6381bc2fa77d,FND-II-2021,Acme Cloud Series C,Qualified,Mid,164766.56,2020-05-18,Acme Cloud,acmecloud.com,SE,Industrial,Carol,HubSpot,2024-04-23 17:48:14,2021-08-12 20:24:24
96d5fd4f-8953-40e4-becf-3d6c98afb346,FND-II-2021,Acme Mobile Series F,Diligence,Late,101618.8,2021-02-19,Acme Mobile,acmemobile.com,CH,Logistics,Dan,HubSpot,2025-06-25 05:19:58,2021-01-10 02:52:38
dbd1bc88-58b3-43d8-a086-2988dbc40e98,FND-II-2021,Acme Logix Series D,Term Sheet,Late,59588.41,2024-05-24,Acme Logix,acmelogix.com,SE,Consumer,Eve,HubSpot,2021-09-23 09:53:21,2020-02-20 21:21:57
4a273dc8-17c5-47b4-8162-0bdb429ae8e3,FND-II-2021,Acme Foods Series B,Qualified,Mid,145505.11,2019-11-17,Acme Foods,acmefoods.com,SE,Software,Alice,HubSpot,2022-06-23 17:11:58,2019-11-25 05:00:18
38fd8ec1-68fc-47bf-a73e-f1a9af9f302e,FND-II-2021,Acme Soft Series D,Closed Won,Closed,62719.08,2020-07-21,Acme Soft,acmesoft.com,IT,Consumer,Carol,HubSpot,2021-05-21 02:09:14,2025-02-21 20:54:12
111590e9-d6a9-43e4-b443-081430d231a4,FND-II-2021,Acme Foods Series A,Closed Won,Closed,35711.55,2024-12-28,Acme Foods,acmefoods.com,GB,Logistics,Bob,HubSpot,2019-07-26 18:02:10,2020-12-28 10:32:21
c9845dc4-6a37-46d9-bd92-dc848e76aadc,FND-II-2021,Acme Soft Series A,Prospecting,Top,149324.11,2021-10-20,Acme Soft,acmesoft.com,NL,Industrial,Dan,HubSpot,2024-09-17 17:58:58,2020-09-15 09:56:01
20f02d7b-aaa7-4d35-a014-d9ba95f55a0b,FND-II-2021,Acme Foods Series D,Prospecting,Top,82730.7,2021-03-24,Acme Foods,acmefoods.com,DE,Healthcare,Alice,HubSpot,2024-06-26 10:44:29,2023-11-25 07:01:58
3fd2a946-9f4b-480b-8fc5-e8f25556009a,FND-III-2023,Acme Health Series D,Closed Won,Closed,32133.43,2025-11-13,Acme Health,acmehealth.com,CH,Energy,Alice,HubSpot,2022-11-04 06:43:39,2020-08-11 09:01:52
7ff52506-ea39-471a-a272-cbf021132313,FND-III-2023,Acme Soft Series C,Diligence,Late,53412.32,2022-04-15,Acme Soft,acmesoft.com,NL,Industrial,Eve,HubSpot,2024-10-01 09:31:22,2024-06-23 08:36:12
24275779-0d44-4e6c-8090-4688884ca0e9,FND-III-2023,Acme Soft Series B,Closed Lost,Closed,35405.73,2019-08-10,Acme Soft,acmesoft.com,ES,Industrial,Fatima,HubSpot,2019-11-10 13:22:54,2023-04-08 04:51:47
47766d62-e6fe-459c-8d4b-700c1cdaa129,FND-III-2023,Acme Cloud Series C,Qualified,Mid,26116.44,2022-12-20,Acme Cloud,acmecloud.com,ES,Marketplace,Eve,HubSpot,2025-11-27 07:57:07,2025-04-22 21:41:34
686e90ad-abc3-49a4-9ab3-8721f7508179,FND-III-2023,Acme Fin Series C,Closed Won,Closed,104370.94,2022-09-23,Acme Fin,acmefin.com,FR,Fintech,Alice,HubSpot,2025-09-17 07:21:37,2023-09-05 05:59:26
cf48cc9f-be50-4dbe-8569-805d9bbca3e1,FND-III-2023,Acme Logix Series B,Closed Won,Closed,188273.31,2022-02-22,Acme Logix,acmelogix.com,IT,Fintech,Eve,HubSpot,2022-01-15 04:48:14,2023-07-15 20:31:52
1bf607cb-955d-4c9c-a872-782894802322,FND-III-2023,Acme Soft Series C,Closed Won,Closed,25870.52,2022-11-26,Acme Soft,acmesoft.com,US,Logistics,Carol,HubSpot,2025-01-24 07:56:00,2023-02-02 15:25:34
507c0d99-8c95-4212-9836-eef3e093fbc5,FND-III-2023,Acme Logix Series A,Closed Lost,Closed,83933.62,2019-09-02,Acme Logix,acmelogix.com,IT,Software,Carol,HubSpot,2022-03-25 04:55:50,2025-11-24 23:30:56
a109f63f-bdee-40f5-ac18-02771bd841ff,FND-III-2023,Acme Mart Series D,Diligence,Late,40522.57,2022-08-28,Acme Mart,acmemart.com,ES,Fintech,Fatima,HubSpot,2024-09-05 23:47:40,2025-06-04 06:29:52
af1e783f-8db5-40db-85ea-8943ddeea286,FND-III-2023,Acme Bio Series B,Term Sheet,Late,44699.82,2023-03-24,Acme Bio,acmebio.com,US,Software,Carol,HubSpot,2022-11-24 19:49:21,2022-09-13 08:21:42
aef97d13-a429-4acf-9d91-03192042e74b,FND-III-2023,Acme Foods Series B,Term Sheet,Late,41963.84,2021-03-09,Acme Foods,acmefoods.com,FR,Software,Fatima,HubSpot,2022-10-25 00:34:10,2020-04-03 03:40:24
be134297-e8b0-423a-b15b-9690ea145490,FND-III-2023,Acme Pay Series F,Prospecting,Top,35653.6,2022-10-22,Acme Pay,acmepay.com,US,Consumer,Fatima,HubSpot,2019-07-15 08:31:55,2023-04-25 02:03:18
5947599a-9e23-4a5f-a49d-c55e92dc0fab,FND-III-2023,Acme Health Series F,Closed Won,Closed,61642.88,2021-04-27,Acme Health,acmehealth.com,NL,Energy,Bob,HubSpot,2021-03-22 18:58:41,2020-07-10 10:01:04
5b630cfd-78dd-446d-955d-b2fba8792de4,FND-III-2023,Acme Soft Series F,Closed Won,Closed,36367.47,2023-12-06,Acme Soft,acmesoft.com,ES,Marketplace,Alice,HubSpot,2021-11-22 13:52:38,2025-09-11 15:09:28
8d58a799-7a83-4811-adb2-177aff72bee1,FND-III-2023,Acme Mart Series E,Qualified,Mid,70422.92,2021-07-06,Acme Mart,acmemart.com,IT,Consumer,Bob,HubSpot,2021-12-05 16:51:29,2019-09-14 15:09:52
4899a66e-5547-4698-b42c-1ee7a0a2e354,FND-III-2023,Acme Bio Series C,Closed Won,Closed,58096.29,2020-07-08,Acme Bio,acmebio.com,SE,Energy,Fatima,HubSpot,2019-08-28 13:30:37,2019-09-24 06:56:06
3543adec-b689-4214-bedd-14f9a39e794b,FND-III-2023,Acme Soft Series E,Diligence,Late,51877.02,2022-11-20,Acme Soft,acmesoft.com,US,Fintech,Bob,HubSpot,2025-10-24 20:20:49,2020-08-07 12:07:22
b89a6f68-4b09-474a-a81c-41730ee81caf,FND-III-2023,Acme Robotics Series A,Prospecting,Top,34733.57,2020-04-24,Acme Robotics,acmerobotics.com,IT,Consumer,Fatima,HubSpot,2023-12-07 14:26:27,2020-09-11 10:18:21
a89784d3-0ff2-45cf-b542-3159261f91e8,FND-III-2023,Acme Mart Series C,Term Sheet,Late,42359.04,2023-11-12,Acme Mart,acmemart.com,DE,Energy,Eve,HubSpot,2022-08-04 17:05:37,2025-06-07 13:29:49
85024122-5ed0-4d01-9d4b-cf3a7cdeec6b,FND-III-2023,Acme Logix Series B,Term Sheet,Late,94205.58,2019-10-28,Acme Logix,acmelogix.com,GB,Software,Carol,HubSpot,2023-10-19 15:12:12,2021-03-07 12:00:36
1c902884-ef67-46d6-bf2c-963d3c73fc56,FND-III-2023,Acme Foods Series E,Term Sheet,Late,80866.13,2023-04-16,Acme Foods,acmefoods.com,NL,Industrial,Dan,HubSpot,2024-11-24 17:51:43,2022-03-24 12:49:20
c4dabd54-8b66-472c-9a13-d3d6ef785301,FND-III-2023,Acme Health Series B,Qualified,Mid,33305.13,2024-09-16,Acme Health,acmehealth.com,CH,Software,Eve,HubSpot,2019-02-27 01:45:58,2025-01-14 05:00:21
bce850c3-912a-4af3-9758-199a17a41ab7,FND-III-2023,Acme Data Series A,Qualified,Mid,63551.09,2019-12-05,Acme Data,acmedata.com,SE,Marketplace,Carol,HubSpot,2019-10-21 22:26:48,2022-11-16 00:34:21
cd9e9960-ce42-4d12-b0ac-c4f0f0da7e29,FND-III-2023,Acme Soft Series A,Closed Won,Closed,93979.53,2023-07-01,Acme Soft,acmesoft.com,CH,Industrial,Eve,HubSpot,2021-01-17 15:40:36,2025-03-04 03:30:24
465b9723-3215-4b54-8128-b36da6c1efa1,FND-III-2023,Acme Bio Series E,Qualified,Mid,21990.3,2020-04-20,Acme Bio,acmebio.com,DE,Energy,Carol,HubSpot,2025-07-03 13:34:56,2022-08-19 08:51:17
ec2a4142-bad4-4eb6-934a-ed0878d5e15b,FND-III-2023,Acme Mobile Series A,Qualified,Mid,82951.89,2021-11-27,Acme Mobile,acmemobile.com,US,Fintech,Dan,HubSpot,2022-07-18 17:19:50,2019-11-01 06:14:23
82d94d34-7735-4022-9cbb-c07bb2ece5b0,FND-III-2023,Acme Fin Series C,Term Sheet,Late,40232.31,2025-07-21,Acme Fin,acmefin.com,FR,Software,Bob,HubSpot,2020-12-19 17:18:44,2021-01-03 10:12:29
c1de2d53-80db-4e24-a448-e30eb0d61a22,FND-III-2023,Acme Bio Series C,Closed Won,Closed,84318.72,2024-01-06,Acme Bio,acmebio.com,US,Consumer,Eve,HubSpot,2020-12-27 14:30:05,2019-05-06 20:31:59
d9169923-4289-460e-a3b9-d0829f5fa47a,FND-III-2023,Acme Foods Series E,Closed Won,Closed,37874.92,2025-07-22,Acme Foods,acmefoods.com,NL,Logistics,Fatima,HubSpot,2020-12-24 02:51:19,2023-12-12 01:57:18
2f8474ec-2d35-4d91-8931-01b59c529c1f,FND-III-2023,Acme Fin Series E,Term Sheet,Late,20273.52,2020-02-11,Acme Fin,acmefin.com,ES,Energy,Alice,HubSpot,2024-05-26 16:24:14,2022-04-12 20:08:07
02fb1640-4636-428a-bc8c-a65676ae703d,FND-III-2023,Acme Mart Series F,Term Sheet,Late,22549.64,2020-11-19,Acme Mart,acmemart.com,ES,Fintech,Eve,HubSpot,2021-04-23 02:40:34,2019-05-05 13:50:07
f1a5039d-492b-4fb9-963b-5fc44e25ae3e,FND-III-2023,Acme Mobile Series C,Closed Lost,Closed,61626.73,2020-12-13,Acme Mobile,acmemobile.com,NL,Fintech,Alice,HubSpot,2019-05-15 13:06:15,2025-05-04 04:49:27
c052647f-b7fb-440e-a2f1-59c3c3e48b4b,FND-III-2023,Acme Fin Series E,Qualified,Mid,69970.81,2022-08-18,Acme Fin,acmefin.com,CH,Logistics,Alice,HubSpot,2019-02-12 20:10:42,2019-10-20 11:48:43
2759e4d1-44dc-4915-a016-b28d2b70bdae,FND-III-2023,Acme Mart Series A,Prospecting,Top,34801.3,2021-07-13,Acme Mart,acmemart.com,CH,Consumer,Eve,HubSpot,2023-03-22 13:51:43,2020-03-09 10:57:49
c32fc85e-3ea5-4498-a13f-76f2048d56a5,FND-III-2023,Acme Robotics Series D,Term Sheet,Late,87829.74,2020-02-06,Acme Robotics,acmerobotics.com,DE,Logistics,Carol,HubSpot,2022-02-12 09:09:50,2020-12-21 18:03:05
2a963850-51c5-4b14-8787-3827048753d3,FND-III-2023,Acme Pay Series B,Closed Won,Closed,22094.59,2020-08-04,Acme Pay,acmepay.com,DE,Software,Dan,HubSpot,2021-10-13 11:59:53,2022-06-14 23:42:12
0f433498-23a4-45f6-9a1f-36ee8cb77596,FND-III-2023,Acme Pay Series F,Qualified,Mid,57546.7,2021-06-20,Acme Pay,acmepay.com,SE,Marketplace,Carol,HubSpot,2020-07-11 10:36:40,2024-12-21 17:52:37
34c4699b-b79f-4040-b011-51af3d0ead2b,FND-III-2023,Acme Pay Series D,Qualified,Mid,28951.88,2021-07-09,Acme Pay,acmepay.com,NL,Fintech,Eve,HubSpot,2020-10-18 06:33:03,2024-09-01 16:48:25
2b271935-356e-4cec-89df-965191fba587,FND-III-2023,Acme Mobile Series F,Qualified,Mid,40493.56,2022-05-27,Acme Mobile,acmemobile.com,FR,Logistics,Fatima,HubSpot,2022-03-21 11:01:32,2020-05-22 05:36:43
587c3c7e-10e8-4743-80b3-4535a8ae927a,FND-III-2023,Acme Mobile Series D,Term Sheet,Late,61601.36,2025-07-03,Acme Mobile,acmemobile.com,IT,Logistics,Eve,HubSpot,2023-12-14 19:47:36,2019-06-23 19:32:53
cbd1608f-04b0-442b-a0a2-edcedb380521,FND-III-2023,Acme Pay Series B,Closed Lost,Closed,35730.22,2019-02-25,Acme Pay,acmepay.com,NL,Healthcare,Fatima,HubSpot,2023-01-19 23:29:05,2024-11-13 12:04:23
ec7d5398-b76c-45a4-9b45-58e4113d6e58,FND-III-2023,Acme Mart Series B,Prospecting,Top,47537.14,2019-02-09,Acme Mart,acmemart.com,CH,Consumer,Dan,HubSpot,2021-07-15 21:25:47,2024-09-05 12:33:35
22cfa02a-cd65-4eeb-9c3d-bc203657c1db,FND-III-2023,Acme Soft Series A,Term Sheet,Late,109510.5,2019-05-14,Acme Soft,acmesoft.com,FR,Healthcare,Carol,HubSpot,2021-06-15 07:31:54,2023-08-12 17:20:11
1a8953cd-7993-4a77-8764-de14f9fa3928,FND-III-2023,Acme Fin Series C,Term Sheet,Late,42355.98,2024-12-15,Acme Fin,acmefin.com,FR,Industrial,Alice,HubSpot,2025-12-04 00:49:20,2025-06-21 03:58:54
428fc1fb-a318-4309-95eb-c1629e859bb6,FND-III-2023,Acme Data Series B,Qualified,Mid,98855.58,2024-04-17,Acme Data,acmedata.com,CH,Healthcare,Carol,HubSpot,2023-07-15 08:26:29,2025-07-21 06:42:56
b66fd77f-03b2-4350-8b4a-712e0b82194f,FND-III-2023,Acme Health Series A,Closed Lost,Closed,30399.33,2024-07-13,Acme Health,acmehealth.com,SE,Marketplace,Eve,HubSpot,2022-07-01 07:49:13,2020-05-25 02:16:40
7542e888-2491-4882-9c69-a6e5b75bb991,FND-III-2023,Acme Pay Series C,Prospecting,Top,82279.93,2025-09-06,Acme Pay,acmepay.com,NL,Consumer,Dan,HubSpot,2019-05-22 17:49:17,2023-11-11 21:44:06
fd7f10c8-7df4-400e-bcb1-61974c498ab4,FND-III-2023,Acme Mart Series C,Closed Won,Closed,142193.09,2022-10-04,Acme Mart,acmemart.com,NL,Marketplace,Eve,HubSpot,2020-11-23 10:49:46,2023-10-03 04:52:36
5f5ad524-2643-404e-865a-ec6f4073ae89,FND-III-2023,Acme Logix Series B,Prospecting,Top,13588.96,2020-05-04,Acme Logix,acmelogix.com,NL,Healthcare,Eve,HubSpot,2022-07-20 05:01:10,2023-07-14 06:45:47
d5f6179a-dde5-4062-b361-e1bb548cd73d,FND-III-2023,Acme Cloud Series B,Closed Lost,Closed,37118.21,2023-12-21,Acme Cloud,acmecloud.com,CH,Healthcare,Dan,HubSpot,2021-03-06 11:27:12,2025-08-20 01:57:06
afd0580f-160d-4ac4-8cbf-a7722eca14a6,FND-III-2023,Acme Logix Series D,Prospecting,Top,84646.86,2022-03-07,Acme Logix,acmelogix.com,CH,Marketplace,Dan,HubSpot,2024-08-14 16:09:36,2022-03-03 20:35:07
212b824c-e7a7-411b-9291-bf3ab3be7500,FND-III-2023,Acme Soft Series B,Qualified,Mid,53006.66,2021-01-09,Acme Soft,acmesoft.com,CH,Industrial,Bob,HubSpot,2025-08-19 18:02:01,2023-09-04 20:51:06
1183e90d-790b-4cb4-a22f-97898cdc41e9,FND-III-2023,Acme Fin Series C,Diligence,Late,74808.55,2025-09-27,Acme Fin,acmefin.com,CH,Software,Fatima,HubSpot,2022-09-07 15:28:45,2019-12-27 23:47:58
4348a707-3854-4252-ad7f-54a31b1621d4,FND-III-2023,Acme Foods Series C,Diligence,Late,41673.01,2025-01-15,Acme Foods,acmefoods.com,NL,Fintech,Dan,HubSpot,2025-02-25 08:37:36,2020-12-19 12:45:57
941633a9-d44f-4c5e-8f03-0c0e342d04e3,FND-III-2023,Acme Mobile Series E,Closed Won,Closed,63067.06,2024-07-06,Acme Mobile,acmemobile.com,GB,Consumer,Bob,HubSpot,2025-01-19 12:46:22,2023-05-20 19:36:57
ae218688-feb8-43a7-918e-0ea50294e438,FND-III-2023,Acme Health Series E,Diligence,Late,54534.76,2024-05-10,Acme Health,acmehealth.com,DE,Fintech,Bob,HubSpot,2025-07-02 10:05:49,2025-11-05 04:49:52
20374c58-e7b0-471c-9c1e-3d4492bb85ae,FND-III-2023,Acme Foods Series B,Qualified,Mid,120652.43,2024-06-27,Acme Foods,acmefoods.com,ES,Marketplace,Bob,HubSpot,2023-11-09 22:51:28,2022-07-15 02:44:58
e35a3054-9b0f-44e7-865a-cd25d1905ba0,FND-III-2023,Acme Data Series C,Prospecting,Top,69748.59,2022-09-24,Acme Data,acmedata.com,NL,Marketplace,Dan,HubSpot,2021-10-01 03:23:28,2024-08-21 13:02:32
58530d73-55b8-47fa-985e-325620c1655c,FND-III-2023,Acme Fin Series B,Closed Won,Closed,73318.01,2022-04-14,Acme Fin,acmefin.com,IT,Industrial,Carol,HubSpot,2025-05-11 19:55:37,2023-03-19 17:40:14
af8f764f-4422-435f-b0b3-ee395ec79d5f,FND-III-2023,Acme Logix Series A,Closed Lost,Closed,46764.23,2025-01-02,Acme Logix,acmelogix.com,IT,Software,Alice,HubSpot,2025-03-15 16:37:16,2019-07-07 04:48:10
4db7f548-aa39-488b-a8d8-3b41a3897f05,FND-III-2023,Acme Data Series F,Diligence,Late,44686.93,2020-05-03,Acme Data,acmedata.com,NL,Industrial,Alice,HubSpot,2021-11-21 06:01:35,2019-07-21 11:07:23
a62a2cc5-02f7-49c4-97cd-971edd10d439,FND-III-2023,Acme Mobile Series F,Closed Lost,Closed,46187.53,2025-04-14,Acme Mobile,acmemobile.com,FR,Fintech,Alice,HubSpot,2020-08-03 04:49:53,2023-04-17 16:12:15
f0c763eb-c65d-4010-8aa3-9fd20f327816,FND-III-2023,Acme Soft Series A,Prospecting,Top,75862.01,2024-06-27,Acme Soft,acmesoft.com,ES,Healthcare,Dan,HubSpot,2019-04-13 03:15:08,2024-02-04 11:24:31
e4f86479-6246-43c9-b6b4-5ace1456b357,FND-III-2023,Acme Logix Series B,Diligence,Late,46509.38,2020-07-25,Acme Logix,acmelogix.com,GB,Fintech,Eve,HubSpot,2023-01-20 23:39:59,2020-08-12 07:45:25
3657f663-51ea-48c9-a6a5-cc3a7ef89627,FND-III-2023,Acme Data Series F,Closed Lost,Closed,71243.93,2020-07-20,Acme Data,acmedata.com,IT,Consumer,Alice,HubSpot,2019-03-25 04:29:02,2023-12-13 12:47:56
025341c4-d562-4574-9d13-274c0b6d3702,FND-III-2023,Acme Mart Series C,Diligence,Late,207989.0,2025-03-08,Acme Mart,acmemart.com,FR,Consumer,Eve,HubSpot,2023-10-24 22:07:18,2021-12-01 23:58:18
b9770a8d-19d5-4a45-942c-d04fc127d851,FND-III-2023,Acme Robotics Series B,Qualified,Mid,100979.7,2023-10-17,Acme Robotics,acmerobotics.com,ES,Industrial,Fatima,HubSpot,2019-04-16 14:02:58,2019-04-16 23:13:54
298fea39-7945-40d9-830e-fc494e9af9e3,FND-III-2023,Acme Pay Series C,Prospecting,Top,49236.27,2023-01-12,Acme Pay,acmepay.com,GB,Logistics,Eve,HubSpot,2022-06-18 06:17:25,2025-08-25 02:39:27
e389f013-e3e7-47ca-aefb-ff146b738d0b,FND-III-2023,Acme Soft Series B,Closed Won,Closed,123097.05,2019-01-09,Acme Soft,acmesoft.com,US,Software,Dan,HubSpot,2023-05-21 18:14:33,2025-07-14 14:38:47
692b011a-9a51-40dd-87c0-8c57d938cb17,FND-III-2023,Acme Fin Series B,Closed Lost,Closed,46871.02,2023-09-20,Acme Fin,acmefin.com,DE,Fintech,Carol,HubSpot,2019-09-07 05:39:25,2023-06-13 21:21:05
9e2bd725-2aae-48d1-8dcf-fa8fa4e33767,FND-III-2023,Acme Data Series C,Closed Lost,Closed,17625.91,2024-11-03,Acme Data,acmedata.com,ES,Consumer,Alice,HubSpot,2020-02-14 04:13:22,2022-10-20 02:00:12
b66ddbda-8b45-411a-9093-f8bdddfa8343,FND-III-2023,Acme Robotics Series B,Closed Lost,Closed,32700.58,2024-11-24,Acme Robotics,acmerobotics.com,FR,Software,Fatima,HubSpot,2020-12-01 05:57:53,2022-06-17 18:49:53
f0aa579f-33da-4fb9-9b55-fccd3f6c4309,FND-III-2023,Acme Mobile Series F,Diligence,Late,19487.43,2020-06-05,Acme Mobile,acmemobile.com,DE,Fintech,Alice,HubSpot,2021-07-09 19:04:22,2019-05-23 20:59:42
07a411e1-16f3-48c3-8832-21e55977750e,FND-III-2023,Acme Data Series C,Prospecting,Top,48488.98,2022-08-17,Acme Data,acmedata.com,US,Marketplace,Eve,HubSpot,2020-06-06 09:17:18,2025-02-19 04:11:57
8147ec8d-ed7c-44a8-a152-49f40ff79f75,FND-III-2023,Acme Foods Series A,Closed Lost,Closed,60539.48,2023-01-02,Acme Foods,acmefoods.com,SE,Software,Dan,HubSpot,2021-07-05 06:30:56,2025-01-18 23:52:24
d5c09301-8d38-4b4c-87c3-6346be17fdd7,FND-III-2023,Acme Mart Series F,Qualified,Mid,163711.73,2021-04-14,Acme Mart,acmemart.com,NL,Industrial,Alice,HubSpot,2023-06-04 18:16:43,2024-01-06 08:07:33
b88e5ca0-ca96-4680-8ad0-c3c400834232,FND-III-2023,Acme Bio Series C,Prospecting,Top,72849.9,2022-02-15,Acme Bio,acmebio.com,DE,Energy,Alice,HubSpot,2023-08-01 13:25:54,2020-05-19 11:03:54
9854f94e-331a-4c36-b258-1484f4069be0,FND-III-2023,Acme Mobile Series E,Closed Won,Closed,52498.49,2020-08-12,Acme Mobile,acmemobile.com,IT,Consumer,Fatima,HubSpot,2023-04-05 00:13:55,2022-01-08 19:43:01
4120fe1d-9e39-4b3a-ba5b-059954777491,FND-III-2023,Acme Logix Series C,Closed Lost,Closed,98483.41,2025-12-01,Acme Logix,acmelogix.com,US,Logistics,Fatima,HubSpot,2024-05-04 07:28:15,2023-04-14 17:54:51
d880fe5f-9e87-4eed-b78a-38f7f453bc9d,FND-III-2023,Acme Soft Series A,Qualified,Mid,15887.99,2024-05-03,Acme Soft,acmesoft.com,SE,Logistics,Fatima,HubSpot,2021-08-24 03:05:28,2023-02-17 04:51:39
